Decade,Ratio
1940,2.85600604925825
1950,2.9178815772638
1960,2.38381756767635
1970,2.30563591729435
1980,2.1445257226602
1990,2.20402714394878
2000,2.2414790189509
2010,2.13623050761125
